census_division,dd_type,2025,2026,2027,2028,2029,2030,2031,2032,2033,2034,2035,2036,2037,2038,2039,2040,2041,2042,2043,2044,2045,2046,2047,2048,2049,2050
East North Central,hdd,1.0,0.9752673796791443,0.9720922459893048,0.9689171122994652,0.9657419786096256,0.9625668449197861,0.9593917112299465,0.9562165775401069,0.9530414438502673,0.9496991978609626,0.946524064171123,0.9433489304812834,0.9401737967914439,0.9369986631016043,0.9338235294117647,0.9306483957219251,0.9273061497326203,0.9241310160427807,0.9209558823529411,0.9177807486631016,0.914605614973262,0.9112633689839572,0.9080882352941176,0.9049131016042781,0.9017379679144385,0.8985628342245989
East South Central,hdd,1.0,0.9591457753017641,0.9545032497678737,0.9498607242339833,0.9449086969978335,0.9402661714639431,0.9356236459300526,0.9309811203961622,0.9260290931600124,0.9213865676261219,0.9164345403899722,0.9117920148560817,0.9068399876199319,0.9021974620860415,0.897554936552151,0.8926029093160013,0.8879603837821108,0.883008356545961,0.8783658310120706,0.8734138037759208,0.8687712782420304,0.8638192510058805,0.8591767254719901,0.8542246982358404,0.8495821727019499,0.8449396471680595
Middle Atlantic,hdd,1.0,0.9753886010362695,0.9713175425610658,0.9674315321983715,0.9635455218356773,0.9594744633604737,0.9555884529977794,0.9515173945225759,0.9476313841598816,0.9437453737971873,0.9396743153219838,0.9357883049592894,0.9317172464840858,0.9278312361213915,0.9239452257586973,0.9198741672834937,0.9159881569207994,0.9121021465581051,0.9080310880829016,0.9041450777202072,0.9002590673575129,0.8961880088823094,0.8923019985196151,0.8884159881569208,0.8845299777942265,0.880458919319023
Mountain,hdd,1.0,1.020912547528517,1.0192226446979298,1.0173215040135193,1.0154203633291086,1.0137304604985213,1.0118293198141106,1.0101394169835234,1.0084495141529362,1.006759611322349,1.0050697084917617,1.0033798056611745,1.0016899028305872,1.0,0.9983100971694128,0.9966201943388255,0.9949302915082383,0.9932403886776511,0.9915504858470638,0.9900718208703,0.9883819180397128,0.9866920152091255,0.9852133502323617,0.9835234474017744,0.9818335445711872,0.9803548795944234
National,hdd,1.0,0.98008149653605,0.9754433063326292,0.970736945412684,0.9659470537336045,0.9612879963809132,0.9565214197325683,0.951765613411751,0.9470942559936073,0.9423448137635514,0.9376220528398871,0.9329724193044608,0.9282091472710272,0.9235707735892908,0.9189117771453849,0.9142724855707627,0.9095021150319977,0.9049088419244591,0.9002800146295182,0.8955609861861817,0.8909858879593484,0.8863500844779534,0.8816947598562437,0.877185935400725,0.8727222724281892,0.8682926339051305
New England,hdd,1.0,0.9715467328370554,0.967741935483871,0.963771712158809,0.9599669148056245,0.9559966914805624,0.9520264681555004,0.948221670802316,0.944251447477254,0.9402812241521918,0.9364764267990074,0.9325062034739454,0.9285359801488834,0.9245657568238214,0.9207609594706369,0.9167907361455748,0.9128205128205128,0.9090157154673284,0.9050454921422664,0.9010752688172043,0.8971050454921423,0.8933002481389578,0.8893300248138958,0.8853598014888338,0.8813895781637717,0.8775847808105872
Pacific,hdd,1.0,1.0123039064903108,1.010458320516764,1.0086127345432174,1.006459550907413,1.0046139649338666,1.0024607812980622,1.0003075976622577,0.9981544140264534,0.996001230390649,0.9938480467548446,0.9916948631190403,0.9892340818209782,0.9870808981851737,0.9849277145493694,0.982774530913565,0.9803137496155029,0.9781605659796986,0.9760073823438942,0.973546601045832,0.9713934174100277,0.9692402337742233,0.9667794524761611,0.9646262688403568,0.9624730852045524,0.960319901568748
South Atlantic,hdd,1.0,0.9444672974084739,0.9378856437679967,0.9308926367749897,0.9234882764294529,0.9164952694364459,0.9090909090909091,0.9016865487453722,0.8946935417523653,0.8872891814068284,0.8798848210612916,0.8728918140682846,0.8654874537227478,0.8584944467297408,0.851090086384204,0.844097079391197,0.8366927190456602,0.8296997120526532,0.8227067050596463,0.8153023447141095,0.8083093377211025,0.8013163307280954,0.7939119703825586,0.7869189633895516,0.7799259563965446,0.7729329494035376
West North Central,hdd,1.0,0.9993617360778682,0.9974469443114727,0.9955321525450774,0.993617360778682,0.9917025690122866,0.9897877772458912,0.9878729854794958,0.9857986277325674,0.983883835966172,0.9818094782192437,0.9798946864528483,0.97782032870592,0.9759055369395245,0.9738311791925961,0.9719163874262007,0.9698420296792724,0.9679272379128769,0.9658528801659486,0.9637785224190203,0.9618637306526249,0.9597893729056965,0.9577150151587681,0.9558002233923727,0.9537258656454444,0.951651507898516
West South Central,hdd,1.0,0.9608341810783316,0.9562563580874873,0.9511698880976602,0.9460834181078331,0.9415055951169888,0.9364191251271617,0.9313326551373347,0.9267548321464903,0.9216683621566633,0.917090539165819,0.9120040691759919,0.9074262461851476,0.9023397761953205,0.897761953204476,0.8931841302136317,0.8880976602238047,0.8835198372329603,0.8789420142421159,0.873855544252289,0.8692777212614445,0.8646998982706002,0.8596134282807731,0.8550356052899288,0.8504577822990844,0.8458799593082401
East North Central,cdd,1.0,0.981672394043528,0.9873997709049256,0.993127147766323,0.997709049255441,1.0034364261168385,1.009163802978236,1.0148911798396334,1.0194730813287514,1.0252004581901488,1.0309278350515463,1.036655211912944,1.041237113402062,1.0469644902634594,1.0526918671248569,1.0584192439862543,1.0630011454753723,1.0687285223367697,1.0744558991981672,1.0801832760595647,1.0859106529209621,1.09049255441008,1.0962199312714778,1.1019473081328752,1.1076746849942727,1.1134020618556701
East South Central,cdd,1.0,0.9960893854748604,1.0,1.0039106145251397,1.0078212290502793,1.011731843575419,1.0162011173184358,1.0201117318435755,1.024022346368715,1.0279329608938548,1.0318435754189945,1.035754189944134,1.0402234636871508,1.0441340782122905,1.04804469273743,1.0519553072625698,1.0558659217877095,1.0603351955307263,1.0642458100558658,1.0681564245810056,1.0720670391061453,1.0759776536312848,1.0804469273743016,1.0843575418994413,1.088268156424581,1.0921787709497206
Middle Atlantic,cdd,1.0,1.1201044386422976,1.1305483028720626,1.1409921671018277,1.1527415143603132,1.1631853785900783,1.1736292428198434,1.1840731070496084,1.1945169712793733,1.2049608355091384,1.216710182767624,1.227154046997389,1.237597911227154,1.248041775456919,1.2584856396866841,1.2702349869451697,1.2806788511749347,1.2911227154046998,1.3015665796344646,1.3120104438642297,1.3237597911227155,1.3342036553524803,1.3446475195822454,1.3550913838120104,1.3655352480417755,1.377284595300261
Mountain,cdd,1.0,1.0613861386138614,1.0673267326732674,1.0739273927392738,1.0798679867986798,1.0858085808580857,1.0924092409240924,1.0983498349834984,1.1042904290429043,1.1102310231023103,1.1161716171617162,1.1227722772277229,1.1287128712871286,1.1346534653465346,1.1405940594059405,1.1465346534653464,1.1524752475247524,1.1584158415841583,1.1643564356435643,1.1702970297029702,1.1762376237623762,1.1821782178217821,1.188118811881188,1.194059405940594,1.2,1.205940594059406
National,cdd,1.0,1.048422697836385,1.0565346450058903,1.0648013906119784,1.0728363005992396,1.0811156040422014,1.0894888502340783,1.097939214060654,1.106093905883226,1.1144399433186343,1.1228377413576287,1.1312972820396336,1.1397855607341967,1.1482273919844286,1.1566178642339027,1.165189862280591,1.1736800731529642,1.1821971703125398,1.1908361430495928,1.199218163175178,1.2079595301255879,1.216548674436865,1.2251682462622528,1.2336825262670144,1.2422784318817348,1.2506201229062395
New England,cdd,1.0,1.181132075471698,1.1943396226415095,1.2075471698113207,1.2207547169811321,1.2339622641509433,1.2490566037735849,1.2622641509433963,1.2754716981132075,1.288679245283019,1.3018867924528301,1.3150943396226416,1.3283018867924528,1.3433962264150943,1.3566037735849057,1.369811320754717,1.3830188679245283,1.3962264150943395,1.409433962264151,1.4226415094339622,1.4358490566037736,1.450943396226415,1.4641509433962263,1.4773584905660377,1.490566037735849,1.5037735849056604
Pacific,cdd,1.0,1.1724915445321307,1.1826381059751974,1.1927846674182638,1.2029312288613303,1.2130777903043968,1.2232243517474635,1.23337091319053,1.2435174746335964,1.2536640360766629,1.2638105975197294,1.2750845546786922,1.2852311161217587,1.2953776775648254,1.3055242390078918,1.3156708004509583,1.3269447576099211,1.3370913190529876,1.347237880496054,1.3573844419391206,1.3675310033821872,1.3788049605411499,1.3889515219842166,1.399098083427283,1.4092446448703495,1.419391206313416
South Atlantic,cdd,1.0,1.0465717981888745,1.053040103492885,1.0599396291504959,1.0664079344545063,1.0733074601121173,1.0802069857697283,1.08753773178094,1.094437257438551,1.1013367830961622,1.1082363087537732,1.1151358344113842,1.122466580422596,1.129366106080207,1.136265631737818,1.1435963777490297,1.1504959034066409,1.1573954290642519,1.1647261750754636,1.1716257007330746,1.1789564467442863,1.1858559724018973,1.193186718413109,1.20008624407072,1.2074169900819318,1.2143165157395428
West North Central,cdd,1.0,0.9961977186311787,1.0009505703422052,1.0047528517110267,1.0095057034220531,1.0142585551330798,1.018060836501901,1.0228136882129277,1.0275665399239544,1.032319391634981,1.0361216730038023,1.040874524714829,1.0456273764258555,1.0503802281368821,1.0541825095057034,1.05893536121673,1.0636882129277567,1.0684410646387832,1.0731939163498099,1.076996197718631,1.0817490494296578,1.0865019011406845,1.091254752851711,1.0960076045627376,1.1007604562737643,1.1045627376425855
West South Central,cdd,1.0,1.0102880658436213,1.0154320987654322,1.0205761316872428,1.0253772290809329,1.0305212620027435,1.0356652949245542,1.0408093278463648,1.0456104252400549,1.0507544581618655,1.0558984910836762,1.0606995884773662,1.0658436213991769,1.0709876543209877,1.0761316872427984,1.0809327846364882,1.086076817558299,1.0912208504801097,1.0963648834019204,1.1011659807956105,1.106310013717421,1.1114540466392318,1.1162551440329218,1.1213991769547325,1.126543209876543,1.1313443072702332
