region,fuel_type,2025,2026,2027,2028,2029,2030,2031,2032,2033,2034,2035,2036,2037,2038,2039,2040,2041,2042,2043,2044,2045,2046,2047,2048,2049,2050,policy_scenario
East North Central,electricity,1.0,1.0083756737067466,0.9820031686780554,0.943662316019392,0.9472475891494588,0.9672152664489007,1.006972854417817,0.9966783089647283,1.003939667806438,0.9891837724263273,0.975822662995564,0.9695956651509238,0.9756077448056394,0.9958403536322471,0.9819240160355579,0.983969987443321,0.9838704878908581,0.9833433237012678,0.9823578796276384,0.9883040901147563,0.9922184771491235,0.9899793260635336,0.9899633226390114,0.9910339496310452,0.9927573012777923,0.9917568025992767,AEO2026 Counterfactual Baseline
East North Central,fuelOil,1.0,0.8816489037297262,0.9175110665332915,0.925776395149041,0.924461738085074,0.9110100349981325,0.8809802547071998,0.884745400523067,0.9033830395149808,0.9241081988913156,0.9301305902185809,0.939108205195705,0.9644319506674403,0.9788407697078366,0.9958421729552768,1.0124669574616534,1.0281137392983675,1.0335236180792127,1.0445604659195946,1.0533099168209825,1.0750534817799584,1.0922670414361202,1.1053719482849294,1.119475525236498,1.1313478417251792,1.1434500765544748,AEO2026 Counterfactual Baseline
East North Central,naturalGas,1.0,0.9781561577124698,0.9342062049425641,0.9385804544125949,0.9527769750693352,0.9795270217844937,1.0031011359398456,1.0298856571764565,1.0345144944416163,1.0304546176963216,1.030538403875041,1.033772113987256,1.0444269230477188,1.0527491598035459,1.0573828845957975,1.0627980900591452,1.0686392958749185,1.073187838052139,1.0742790657526875,1.0738095140427817,1.0743255845373305,1.0768013788412145,1.0783017623811753,1.078214834220754,1.0798667311005654,1.0811040609502556,AEO2026 Counterfactual Baseline
East North Central,propane,1.0,0.9344849416470726,0.9118297610657868,0.9179174307588245,0.9382332863021287,0.9792228872882215,1.0169429828060774,1.0548154835919563,1.0822858457044566,1.0976841523727703,1.1098699909735916,1.1249226984898422,1.1423421456603557,1.1567358607970777,1.1679041505020769,1.177535930125226,1.187696086896834,1.1924054430095747,1.1941844766193528,1.196166078412052,1.2011464142577668,1.2087323885567725,1.2128435394102814,1.2150851634221522,1.2158051095761797,1.2187777205829815,AEO2026 Counterfactual Baseline
East South Central,electricity,1.0,0.9926018830285777,0.9319766634701511,0.9067480266725754,0.9128203750025035,0.9218790590441553,0.9390179073911632,0.9552203142266357,0.9538027141843771,0.9422875097161229,0.9321793796427059,0.9231954471896838,0.9216531961932437,0.9244127431869215,0.9401944895994178,0.9442197456954854,0.9433972589362382,0.9424691258639865,0.9423145547824131,0.9417227794940701,0.9428199807780236,0.9447401317547917,0.9461838509962063,0.950106944963485,0.9555635672842023,0.9582719723011741,AEO2026 Counterfactual Baseline
East South Central,fuelOil,1.0,0.90436387548176,0.9431757959482381,0.964683917183159,0.9796839269440056,0.9863704896611007,0.9792220666483622,0.9826691383426994,0.996015660685105,1.0112737012973465,1.015435879409984,1.0226625423070501,1.0418300890767207,1.0518070523303487,1.0636917826264813,1.0749331008797278,1.0860440448443152,1.0895449351674997,1.0966978366863371,1.1047333866849727,1.119829435521053,1.131000628789912,1.14055481341223,1.150843434756951,1.1596900919712902,1.1678154034810548,AEO2026 Counterfactual Baseline
East South Central,naturalGas,1.0,0.9558114906354643,0.9534714189480885,0.976521882992894,1.0089920427916321,1.0577608639049187,1.102061454174719,1.128491494368432,1.128082291883023,1.1212566106872053,1.12425982773073,1.1284374444236802,1.1390466983101277,1.1452282970906507,1.1466868800189987,1.153284954294494,1.1535718936612507,1.1555180744622968,1.1553692457192406,1.154321166762224,1.151733965865699,1.1512033423995864,1.1513352518256594,1.150823308510424,1.1511264781722055,1.1514829321987847,AEO2026 Counterfactual Baseline
East South Central,propane,1.0,0.9344848638958391,0.9118297819742528,0.9179172604140797,0.9382332509488173,0.9792228239994071,1.0169428735319423,1.0548154848005376,1.082285719174963,1.0976841305246794,1.109869835670327,1.1249225347013423,1.1423419029069535,1.1567358110160675,1.1679041079306929,1.1775357917257585,1.1876959083614156,1.1924052752489496,1.194184360763851,1.196165930881861,1.201146231855937,1.2087323155668268,1.2128433858848113,1.2150851064672314,1.215805169576524,1.2187776308219538,AEO2026 Counterfactual Baseline
Middle Atlantic,electricity,1.0,1.0051473708327663,1.007828541260176,0.9806921985086381,0.9775350041281159,0.9962398772335251,1.0426744275542341,1.0263458862692465,1.0303936778302372,1.0199121028006628,1.0131012285662473,1.0200553334424725,1.031457230270062,1.0784673001334995,1.0561391003590592,1.0570426327932403,1.0610116053210605,1.0706757285562483,1.0783807232563507,1.088943267680966,1.0968641917953408,1.0955313975081045,1.106704231172767,1.1135703697072503,1.1214276927339983,1.1251936214775233,AEO2026 Counterfactual Baseline
Middle Atlantic,fuelOil,1.0,0.908363065745657,0.9484752863924689,0.9746249549511683,0.9950295358222662,1.0249603353885064,1.0241312828403508,1.0276286052911041,1.0420514568606958,1.054305179216411,1.0569895504315483,1.0659262556951516,1.0819103844223212,1.090332691261403,1.1024266841954578,1.1160461206143086,1.1277883420482147,1.1311807308880903,1.1358791599061326,1.142105123012194,1.154755253080724,1.166520544504578,1.1748227700287308,1.1827900955875141,1.1888827368915693,1.196235535134641,AEO2026 Counterfactual Baseline
Middle Atlantic,naturalGas,1.0,0.9360559289295886,0.9251699288097779,0.9249347112643106,0.9374280528656614,0.9481633505547721,0.9573992011540685,0.9704575311548295,0.9736250022262124,0.9723693860996921,0.9730931074847687,0.968684203283137,0.9834213726096551,0.9881147138871934,0.9908621998863417,0.9865541957221104,0.9974293804977326,1.000965674234709,1.0028292163246935,0.9925043188518897,0.9886362466222287,0.9865490147189063,0.9863811502150927,0.9871774056450269,0.9883977261872189,0.9902088106197614,AEO2026 Counterfactual Baseline
Middle Atlantic,propane,1.0,0.9344849671823023,0.9118298877503421,0.9179173591803752,0.9382333146156578,0.9792228646744293,1.0169429067932272,1.0548154724548058,1.0822858229318646,1.0976841267398778,1.1098698973857826,1.124922743264658,1.1423421693114446,1.1567358737273927,1.167904122534443,1.1775359858723176,1.1876959937998037,1.192405468354104,1.194184383335844,1.1961660292720813,1.20114632737456,1.2087322547977806,1.2128435586356023,1.2150853292363912,1.2158051836413424,1.2187777975606866,AEO2026 Counterfactual Baseline
Mountain,electricity,1.0,1.0112819649854068,1.0098506729912475,1.0056634859201397,1.002720971977844,1.0075999370736635,1.01725319047951,1.032322322720057,1.041170494616084,1.032246185738433,1.0240690692864571,1.0254406219660557,1.0322765526451378,1.0460822087902688,1.0610714342047194,1.0677965360818753,1.0700390616019877,1.068764299101033,1.0671400512023514,1.0670970796009367,1.0689690733523385,1.07179298752496,1.0753184165598582,1.078559488307677,1.083202803432122,1.088394272445226,AEO2026 Counterfactual Baseline
Mountain,fuelOil,1.0,0.9013091769842514,0.9421558193951525,0.9638269613305726,0.9789619330504,0.9836938250258623,0.9773524886294351,0.9650869669584594,0.979384481230981,0.9961962775738843,1.0004879771383914,1.0078974744837443,1.0267219170485362,1.039251728532597,1.0513410569948496,1.0620378197643112,1.0734897971096178,1.079646678645923,1.0874864046015489,1.095265641983869,1.1112189323505262,1.123785692928782,1.133813054355771,1.1449317840841071,1.1544953721051943,1.1637976179375646,AEO2026 Counterfactual Baseline
Mountain,naturalGas,1.0,1.037681754360062,1.0096537573617368,1.0076627645369443,1.0130592214423377,1.0351611859339847,1.0521094865974636,1.0921117514716305,1.1063686326395603,1.1020950265226799,1.1043933183345147,1.111719666633458,1.1248985823751219,1.1337247826688388,1.1346234754207396,1.1403774921679073,1.1488197031151337,1.1531255621869223,1.1516309960930922,1.149792667254865,1.1514687458115955,1.1578508888556005,1.159936490348124,1.1600249171994974,1.1616353251563731,1.1619136860755392,AEO2026 Counterfactual Baseline
Mountain,propane,1.0,0.9344848323373806,0.9118297325810742,0.9179171753784474,0.9382330890540841,0.9792225810449843,1.016942771510579,1.0548152485685314,1.082285626171745,1.097683982874102,1.109869681949003,1.1249223586269224,1.142341821134498,1.1567355391661713,1.1679038341985093,1.1775357171786967,1.1876957820595777,1.1924052283371738,1.1941842605307,1.196165742933908,1.2011461508207217,1.2087321780086215,1.212843252359105,1.2150850780805487,1.215805013824273,1.2187775497317614,AEO2026 Counterfactual Baseline
National,electricity,1.0,1.0018737723301363,0.9810247770070187,0.958546402877948,0.9634347643170481,0.9762404367506818,1.0044723380774767,1.0098161220518485,1.014875540547048,1.010574402721006,1.0040800646850152,1.0040463524118206,1.0099535486606592,1.0248090418607834,1.0233874803991159,1.0274920519429214,1.0255822966707044,1.0293833963863306,1.0309512011981603,1.032990650531089,1.0342745603627048,1.03553811600025,1.0388334497920537,1.0404000885847258,1.0443220656197123,1.0461983540964523,AEO2026 Counterfactual Baseline
National,fuelOil,1.0,0.9065791140324729,0.9454358145274689,0.9700174322692853,0.988620294617253,1.0140684113233736,1.0107004085249625,1.0139439521532254,1.0283909885780858,1.0420444979749433,1.0450296167573987,1.053724228671613,1.070268362186148,1.0789904669142998,1.0914355473566382,1.1051844260167805,1.1171298445294682,1.1209707769640336,1.1263695214436533,1.1328700699119822,1.1463701062838723,1.1585972976199017,1.1673747682361488,1.1759815400394429,1.182719408911345,1.1905628083221165,AEO2026 Counterfactual Baseline
National,naturalGas,1.0,0.9472293899628005,0.9299318030945556,0.9297635259013293,0.9380967570006448,0.9551468012338965,0.9693492872925842,0.9936108509823326,0.9998630745722188,1.0216565046053019,1.0251968686401922,1.0298334539694742,1.0413947582574417,1.0242685837589678,1.0260396858825727,1.0291850176728539,1.0366925386887602,1.0412040577363209,1.042211267279253,1.0405070262032603,1.0411504871110167,1.0444628692863112,1.0462270194967087,1.0472148045762673,1.0493742596553215,1.0519246576182746,AEO2026 Counterfactual Baseline
National,propane,1.0,0.9346353859907516,0.9131646783167898,0.9197172937781343,0.9402885165637095,0.9815157794224978,1.0194822636811733,1.0576161990252524,1.0853847691266276,1.1098115079779638,1.1223463962873745,1.1378017399477867,1.1556581318941574,1.161465273795889,1.173048461691856,1.183048845308439,1.1935590738102775,1.1986046295029915,1.2007071420184354,1.2030033451441313,1.2083091878882117,1.2162342773200039,1.2206748557324947,1.2232555148836646,1.2243290013270725,1.2276780983278948,AEO2026 Counterfactual Baseline
New England,electricity,1.0,1.0040540279229602,0.9735217484766647,0.9188668257467779,0.9248814817284451,0.9336088368734918,0.9372387993990543,0.9394176891994244,0.9382893740901902,0.9300626108329751,0.9243466546281011,0.923367272502813,0.9293877406229943,0.9364777648486988,0.9424961729704192,0.9447443915285064,0.9466210133404642,0.9738193324209583,0.9815424260545466,0.9890115145208003,0.9946761179069056,0.9991408334991652,1.0045786653880617,1.0107413224496093,1.0189691157060548,1.0163699003864446,AEO2026 Counterfactual Baseline
New England,fuelOil,1.0,0.9073216004068881,0.947347934119412,0.9728187059679994,0.9923049043807785,1.0217143856634936,1.0190813582730551,1.0227245374617349,1.0377489359955991,1.0505135119790425,1.053309912004198,1.062619324873667,1.0792699994123782,1.0880434079103685,1.1006419367772355,1.1148292224891525,1.1270611563068829,1.1305949491875193,1.1354894038174943,1.141974945912425,1.155152805756891,1.1674085806700525,1.176057167278983,1.184356542970862,1.190703432284832,1.198362766260907,AEO2026 Counterfactual Baseline
New England,naturalGas,1.0,0.9759956244312571,0.9502232386899292,0.9422836484508,0.9359392001675402,0.9335304692142172,0.9311163422057606,0.940801288908535,0.9433081211164507,0.9435168171947291,0.9442181099096706,0.9477863121332051,0.9508660984474772,0.9552899400080201,0.9585675816771941,0.9619733675025157,0.9651190731930156,0.9676991653566649,0.969061596358256,0.9686418707724521,0.9665908350774502,0.9665993423715799,0.9678813186772588,0.9692694174005667,0.9697417423706466,0.9804536410076468,AEO2026 Counterfactual Baseline
New England,propane,1.0,0.9344847863973417,0.911829736032124,0.9179173095577824,0.9382331636269979,0.9792227295971634,1.0169427646780849,1.054815392126151,1.0822856893674628,1.097684014982272,1.1098697604992565,1.1249224867486458,1.142341926997066,1.1567356010666012,1.1679039896487466,1.1775356964783308,1.1876957942830153,1.1924052799640572,1.1941843218110453,1.1961658837369384,1.2011460452926705,1.2087322801714615,1.2128432079269882,1.2150851345697082,1.215804968311705,1.218777646392983,AEO2026 Counterfactual Baseline
Pacific,electricity,1.0,0.9947346373011011,0.9581212784275855,0.915260291723587,0.9118007267551373,0.9170819062690743,0.9246450952211772,0.9269652286863125,0.933981898000873,0.9461036313206236,0.9558328068116434,0.9602692752794608,0.9701064171118466,0.9708580191816625,0.9616468479105295,0.9651538915432103,0.9712750412916228,0.9778012764635351,0.9820686277636038,0.9865655980181149,0.9923945952489729,1.0000374608777216,1.006435905778626,1.0128713882704983,1.0221958028578628,1.0288491651515352,AEO2026 Counterfactual Baseline
Pacific,fuelOil,1.0,0.9046339370298299,0.9444434718743738,0.9670149027983387,0.9837452509630112,0.9928387522753505,0.9891864343387985,0.9890815822188608,0.9970703345943529,1.0273537186822446,1.0282325552517262,1.0318752669983016,1.0419742656475748,1.0440532454420113,1.0548026091153766,1.0643567624721542,1.0745853519622701,1.080083282329039,1.0870851563149646,1.0940339551740312,1.1082837922211521,1.1195088662908113,1.1284655443026725,1.1383964531721236,1.1469389152393563,1.155248158300516,AEO2026 Counterfactual Baseline
Pacific,naturalGas,1.0,0.8784564547804368,0.9055692567451934,0.8758114003562109,0.8528165055342337,0.8374192777449593,0.8197256661435853,0.8477369983663269,0.8598355212955346,1.004578573151467,1.0207456245789477,1.0363111726406269,1.0514733359346466,0.9164199747841736,0.9107166155061629,0.9142643779941781,0.9265136039423991,0.9358875934670796,0.9405331625164445,0.9462896755646885,0.9544177729295096,0.9661970208922505,0.9736905951249134,0.9799260457903625,0.9879221144247654,0.9951171013799445,AEO2026 Counterfactual Baseline
Pacific,propane,1.0,0.9362031772881232,0.9141422094635531,0.9200700678640117,0.9398533096412437,0.9797679205312017,1.0164986724026464,1.0533779200026023,1.080127904754547,1.1889411831677734,1.2008074394245587,1.2154653177898045,1.2324280515424932,1.1526246904644761,1.1634999451070007,1.172878239195228,1.1827718606287079,1.18735792268626,1.1890901993632412,1.1910197980750854,1.1958693140001546,1.2032564641589376,1.2072599285171164,1.2094429295783813,1.2101440310979006,1.2130386406053681,AEO2026 Counterfactual Baseline
South Atlantic,electricity,1.0,1.0044581887664867,0.9886200538823688,0.9717939703364156,0.9697290188560228,0.9768907094152343,0.9996302564369473,1.0066398182926886,1.0083776240008977,1.0000484952719522,0.9901846402670275,0.9880442492609623,0.9905537261184354,0.9954332449646583,0.998244962246694,1.0074236132599403,1.0084418385811633,1.0111247759231237,1.014326472363154,1.014316190137772,1.0100228239095022,1.0099846108629322,1.0118469433092463,1.0101798196791445,1.0133773286883692,1.015949617007932,AEO2026 Counterfactual Baseline
South Atlantic,fuelOil,1.0,0.9053201172223863,0.9449591567303898,0.9664235592685106,0.9823222961372633,0.9918463641042408,0.9862308861694943,0.9890688842294182,1.0015953679053997,1.0164692360006624,1.020692832851412,1.0264996791012082,1.0432747772806257,1.052376295978533,1.063743975364489,1.0760026623540644,1.0858253436999845,1.0915334947523334,1.0991920933808978,1.1051590451732194,1.1197316234096086,1.1314264281204363,1.1402709675716576,1.1497019163410438,1.1575857110171162,1.1657252953932389,AEO2026 Counterfactual Baseline
South Atlantic,naturalGas,1.0,0.9631267773056147,0.9457302772781228,0.9621523609854534,0.9900760681447565,1.0250059327821142,1.0596407054786057,1.0832248532752171,1.0914023335530305,1.094206034276128,1.1007174560420714,1.1098749462360216,1.1194579067621337,1.128811291827899,1.1360186997483834,1.144102457540441,1.150768179246426,1.1580347364690318,1.1620142824737403,1.166201029554895,1.1680623283688383,1.1718868008510834,1.1756307612550887,1.1792730848300963,1.183052034962117,1.1864968569941252,AEO2026 Counterfactual Baseline
South Atlantic,propane,1.0,0.9344848878631375,0.9118298329873364,0.9179173819696962,0.9382333799429491,0.9792228113175359,1.0169428568715262,1.0548154203314686,1.0822859191118306,1.0976840312573812,1.1098699054927799,1.12492257081138,1.1423421766329098,1.1567357046202653,1.1679041642001917,1.1775359612571519,1.1876959639566074,1.1924054299742104,1.194184524911606,1.1961660453585359,1.201146332528638,1.2087323219488995,1.21284340186121,1.2150852029208814,1.215805125153924,1.2187777594207,AEO2026 Counterfactual Baseline
West North Central,electricity,1.0,0.9975787056950041,0.9737602918402036,0.9574510553443554,0.9615218621475908,0.9713571001849256,0.9952642099427778,1.03714498508927,1.0639346172887434,1.059645681817066,1.0524577969882478,1.0479453752190728,1.0460812271321287,1.0469789486245387,1.0604609383054147,1.0671466693201486,1.0634535635644218,1.064242267926391,1.0597358882410852,1.0586598072650772,1.0577102088181949,1.0553540085261357,1.0535925994668618,1.0512367532031541,1.0503423595772505,1.049210719751912,AEO2026 Counterfactual Baseline
West North Central,fuelOil,1.0,0.8821191731148196,0.9176012597991814,0.9256727765543684,0.9241981693816161,0.9108339344207692,0.8795486302031831,0.883724827359134,0.9024948632278095,0.9240379643366315,0.9299626570448996,0.9389822993628382,0.9642056390646954,0.9785573137097624,0.9954914893117462,1.0120503788625443,1.0276352610539572,1.0330238074306966,1.0440170186463602,1.0527319219199707,1.0743892523928378,1.0915344683829828,1.10458746654887,1.118635111987913,1.1304606905197818,1.1425150553974195,AEO2026 Counterfactual Baseline
West North Central,naturalGas,1.0,0.9640763905165981,0.9587835037240803,0.96868849616832,0.986378636348054,1.0170798893101205,1.044176471331167,1.072780842928594,1.076911620485468,1.0681755442681606,1.0649660888815917,1.0649838854732736,1.0726467534014044,1.0762953827439983,1.0742422957570466,1.076094863542788,1.0797375060135257,1.0799468004926622,1.0755105284472368,1.0700539458160212,1.0684853033777604,1.0709174495663454,1.0699237108501636,1.0666393785594208,1.0653236609540975,1.063183149235657,AEO2026 Counterfactual Baseline
West North Central,propane,1.0,0.9344848468362572,0.9118296312843268,0.9179173291942704,0.9382332853684872,0.9792227130444692,1.0169428469137411,1.0548153380898855,1.0822856764989564,1.097683976599896,1.109869813497621,1.124922504763284,1.1423420235156887,1.156735690434132,1.1679039343904651,1.1775357829017825,1.187695821727938,1.1924052973632708,1.1941843562796168,1.196165779770375,1.2011461281048812,1.2087322122729742,1.212843386671671,1.2150851044011617,1.2158050808299705,1.2187775366255151,AEO2026 Counterfactual Baseline
West South Central,electricity,1.0,0.9808442489834232,0.9934142259876513,0.9983949824023493,1.0292841304856417,1.0511417571620163,1.1065166881045232,1.1093089091111272,1.1016340745431579,1.1027436993702284,1.0892341889101111,1.0918604155404885,1.0997612192043755,1.1323320383393085,1.1346157561914778,1.1320665530662477,1.1046881331757021,1.1048797139462263,1.102742192733374,1.0985335216259349,1.0982749880281841,1.101554910027744,1.1047460990462539,1.1027481399841146,1.1022813997459915,1.1018492328588403,AEO2026 Counterfactual Baseline
West South Central,fuelOil,1.0,0.9006951384115555,0.9423157115609542,0.965700077660634,0.9827685094930607,0.9898038997346765,0.9812294206483947,0.9849156192852191,0.9991895783277296,1.0155076864377186,1.0199585782659122,1.027995041509752,1.0494077609051373,1.06157305155528,1.0745716895261308,1.086887225050856,1.098710350398067,1.1040170239315112,1.112509789456576,1.1201798517119932,1.1359100806941886,1.1483009024108366,1.1581877929928575,1.169004032048419,1.1784544755983082,1.1876538832978054,AEO2026 Counterfactual Baseline
West South Central,naturalGas,1.0,0.8831264668649581,0.8843125578086047,0.8976761112134054,0.9144212539205009,0.9496823062168596,0.9777540783306111,1.0079047710330988,1.0104943820773562,1.0015965852780684,1.00510916820123,1.0122919552939442,1.0233839994896072,1.0287540231095622,1.0304422264817157,1.03512767589021,1.0390274614216637,1.0395361265096956,1.0356783971384653,1.032579763588384,1.032724279515725,1.0356808990630113,1.03363241855625,1.0304751684882365,1.0294505708170638,1.0293059953200907,AEO2026 Counterfactual Baseline
West South Central,propane,1.0,0.9344849142676639,0.9118297279599359,0.9179173261979067,0.9382332901779898,0.9792227484381647,1.0169428075452296,1.054815440294025,1.0822857570650064,1.0976840582124465,1.109869846577566,1.1249225062801977,1.1423419488384372,1.1567357498019966,1.1679039962693494,1.177535878403383,1.187695913922959,1.1924054137091038,1.1941844547958347,1.1961659666893012,1.201146208132496,1.208732270474482,1.2128434005757376,1.215085170317578,1.2158050585133426,1.218777704635299,AEO2026 Counterfactual Baseline
