,row_id,tare_category,component,class,output_units,pm1_metric,pm1_unit,pm1_coef_low,pm1_coef_mid,pm1_coef_high,pm1_lower_bound,pm1_upper_bound,pm2_metric,pm2_unit,pm2_coef_low,pm2_coef_mid,pm2_coef_high,pm2_lower_bound,pm2_upper_bound,intercept_low,intercept_mid,intercept_high,multiplier_retrofit,adder_retrofit,lifetime_years
0,air_conditioner_centrally_ducted,cooling,Air Conditioner,Centrally ducted,2023$,Cooling Capacity,Tons,196.96609519999998,328.2768253333333,459.5875554666666,1.5,5.0,SEER1,Unitless,356.844,594.74,832.636,13.0,24.0,-3533.3616704148158,-5888.936117358026,-8244.510564301236,1.5,0.0,22.333333333333332
1,air_conditioner_room_ac_window_or_through_wall,cooling,Air Conditioner,Room AC (window or through-wall),2023$,Capacity,Tons,350.1600000000001,364.33200000000005,311.64,0.4166666666666667,2.3333333333333335,CEER,Unitless,2.082501,6.069364,25.478424,9.4,15.0,0.194766,13.27746,2.001877,1.0,352.6076765067651,10.0
2,air_sealing_lt40pct_reduction,enclosure,Air Sealing,<40% Reduction,2023$/sqft,Leakage Reduction,Percent,0.48045,0.894236,1.333659,0.03,0.4,,,0.0,0.0,0.0,0.0,0.0,0.140081,0.227373,0.457668,1.0,0.0,999.0
3,air_sealing_gt40pct_reduction,enclosure,Air Sealing,>40% Reduction,2023$/sqft,Leakage Reduction,Percent,0.107294,0.867979,0.785978,0.4,0.92,,,0.0,0.0,0.0,0.0,0.0,0.252077,0.297935,0.874814,1.0,0.0,999.0
4,air_source_heat_pump_centrally_ducted,heating,Air Source Heat Pump,Centrally ducted,2023$,Cooling Capacity,Tons,639.168,1065.28,1491.3919999999998,1.5,5.0,SEER1,Unitless,356.844,594.74,832.636,13.8,24.0,-1374.6,-2291.0,-3207.3999999999996,1.5,-1384.0,15.633333333333333
5,air_source_heat_pump_centrally_ducted_with_new_circuit,heating,Air Source Heat Pump,"Centrally ducted, with new circuit",2023$,Cooling Capacity,Tons,639.168,1065.28,1491.3919999999998,1.5,5.0,SEER1,Unitless,356.844,594.74,832.636,13.8,24.0,-1374.6,-2291.0,-3207.3999999999996,1.5,0.0,15.633333333333333
6,air_source_heat_pump_non_ducted_single_zone,heating,Air Source Heat Pump,"Non-ducted, single-zone",2023$,Cooling Capacity,Tons,1878.0479999999998,3130.08,4382.111999999999,0.5,1.5,SEER1,Unitless,96.24799999999999,160.41333333333333,224.57866666666663,13.0,28.4,-805.9999999999999,-1343.3333333333333,-1880.6666666666665,1.5,0.0,15.633333333333333
7,air_source_heat_pump_non_ducted_multi_zone,heating,Air Source Heat Pump,"Non-ducted, multi-zone",2023$,Cooling Capacity,Tons,1878.0479999999998,3130.08,4382.111999999999,1.5,5.0,SEER1,Unitless,96.24799999999999,160.41333333333333,224.57866666666663,16.0,23.0,-805.9999999999999,-1343.3333333333333,-1880.6666666666665,1.5,0.0,15.633333333333333
9,boiler_gas_non_condensing,heating,Boiler,Gas (Non-Condensing),2023$,Heating Capacity,BTU/hr,0.013611,0.01747,0.020046,27000.0,416000.0,AFUE,Unitless,425.223582,774.643544,986.136071,0.8,0.87,505.791013,922.194681,1150.273551,1.0,4924.154113737305,24.4
10,boiler_gas_condensing,heating,Boiler,Gas (Condensing),2023$,Heating Capacity,BTU/hr,0.02039,0.030098,0.027623,45000.0,387000.0,AFUE,Unitless,-206.979502,51.953272,1208.113017,0.91,0.97,721.149564,55.150499,1311.335274,1.0,4234.812296176663,24.4
11,boiler_oil,heating,Boiler,Oil,2023$,Heating Capacity,BTU/hr,0.013617,0.01846,0.020154,27000.0,416000.0,AFUE,Unitless,616.573652,-1045.493295,13306.888083,0.8,0.95,713.308438,2081.539778,-9055.606319,1.0,4040.345404851384,24.4
12,clothes_dryer_electric,clothesDrying,Clothes Dryer,Electric,2023$,Volume,Cubic ft,37.5,-42.857155,-252.666666,5.9,8.8,Combined Energy Factor,lbs/kWh,925.0,1385.714315,2273.999997,3.73,3.94,-3214.750003,-4140.714313,-5564.353325,1.0,155.01712465153327,22.33333333
13,clothes_dryer_heat_pump,clothesDrying,Clothes Dryer,Heat Pump,2023$,Volume,Cubic ft,45.900353,34.365975,-101.360465,3.88,7.8,Combined Energy Factor,lbs/kWh,20.923238,-4.667487,160.088867,2.68,11.0,571.309796,1295.695475,1844.811821,1.0,178.6330147351653,11.0
14,clothes_dryer_gas,clothesDrying,Clothes Dryer,Gas,2023$,Volume,Cubic ft,71.678322,170.121951,389.289827,6.2,9.0,Combined Energy Factor,lbs/kWh,751.74825,609.756101,898.848366,3.3,3.49,-2398.853141,-2488.951231,-4680.796536,1.0,198.615690959777,11.0
22,cooking_range_electric,cooking,Cooking Range,Electric,2023$,Volume,Cubic ft,27.703333,127.969233,380.385183,1.6,7.3,,,0.0,0.0,0.0,0.0,0.0,531.172335,588.183837,691.373706,1.0,279.36,11.0
23,cooking_range_induction,cooking,Cooking Range,Induction,2023$,Volume,Cubic ft,1048.888889,49.0,107.142857,4.6,6.7,,,0.0,0.0,0.0,0.0,0.0,-4359.999998,3139.300003,3881.142857,1.0,279.36,11.0
24,cooking_range_gas,cooking,Cooking Range,Gas,2023$,Volume,Cubic ft,111.854839,674.418603,635.555556,1.9,8.6,,,0.0,0.0,0.0,0.0,0.0,326.870969,-452.162787,1533.222221,1.0,353.95000000000005,11.0
44,duct_duct_insulation,enclosure,Duct,Duct Insulation,2023$/sqft,R-value,ft2·°F·h/BTU,0.250999,0.163885,0.041077,2.1,8.0,,,0.0,0.0,0.0,0.0,0.0,0.156496,1.169445,2.463614,3.58,0.0,999.0
45,duct_duct_sealing,enclosure,Duct ,Duct Sealing,2023$/sqft,Leakage Reduction,Percent,0.151667,0.298588,0.706723,0.0,0.97,,,0.0,0.0,0.0,0.0,0.0,0.195588,0.375685,0.745185,1.0,0.0,999.0
46,electric_baseboard_default,heating,Electric Baseboard,,2023$,Capacity,BTU/Hr,0.034056176,0.056760293333333336,0.07946441066666667,1194.2,416000.0,,,0.0,0.0,0.0,0.0,0.0,0.0,0.0,0.0,1.5,0.0,20.0
71,furnaces_gas_furnace,heating,Furnaces,Gas Furnace,2023$,Heating Capacity,BTU/Hr,0.004744,0.00645,0.01105,30000.0,156250.0,AFUE,Unitless,3309.827024,4325.000025,4862.6875,0.8,0.97,-2009.224953,-2780.000019,-2910.150001,1.0,2217.753,21.4
96,unfinished_attic_ceiling_batt,enclosure,Unfinished Attic (Ceiling),Batt,2023$/sqft,R-value,ft2·°F·h/BTU,0.031667,0.043,0.052,6.0,49.0,,,0.0,0.0,0.0,0.0,0.0,0.158334,0.263004,1.558037,1.0,1.0017875545764061,999.0
97,unfinished_attic_ceiling_loose_fill,enclosure,Unfinished Attic (Ceiling),Loose Fill,2023$/sqft,R-value,ft2·°F·h/BTU,0.008696,0.017857,0.011494,2.78,49.0,,,0.0,0.0,0.0,0.0,0.0,0.136956,0.135715,0.616746,1.8060413354531,0.0,999.0
98,unfinished_attic_ceiling_spray_foam_closed_cell,enclosure,Unfinished Attic (Ceiling),Spray Foam (Closed Cell),2023$/sqft,R-value,ft2·°F·h/BTU,0.209286,0.301055,0.618535,5.5,42.0,,,0.0,0.0,0.0,0.0,0.0,4e-06,0.031017,-0.003062,1.2849420849420852,0.0,999.0
99,unfinished_attic_ceiling_spray_foam_open_cell,enclosure,Unfinished Attic (Ceiling),Spray Foam (Open Cell),2023$/sqft,R-value,ft2·°F·h/BTU,0.146427,0.27345,0.42841,3.7,25.8,,,0.0,0.0,0.0,0.0,0.0,0.106369,-0.056142,-0.192549,1.285343880465832,0.0,999.0
116,water_heater_electric_instantaneous,waterHeating,Water Heater,Electric Instantaneous,2023$,UEF,Unitless,250.000019,353.549649,2133.33333,0.84,0.998,,,0.0,0.0,0.0,0.0,0.0,21.499983,103.991708,-1312.999998,1.0,913.1,20.0
117,water_heater_electric_storage,waterHeating,Water Heater,Electric Storage,2023$,UEF,Unitless,571.423485,10549.499565,19231.034497,0.92,0.95,Nominal volume,gallons,12.857143,17.057105,22.275862,27.0,55.0,-425.281029,-9666.090372,-17743.20691,1.0,864.1150985316847,14.8
118,water_heater_hp_tank,waterHeating,Water Heater,HP Tank,2023$,UEF,Unitless,102.325583,248.326452,888.754967,3.0,4.07,Nominal volume,gallons,28.81362,19.331395,8.390563,40.0,80.0,5.295732,286.450878,-801.897419,1.0,1018.1920401854715,14.8
119,water_heater_hp_tank_w_gas_capping,waterHeating,Water Heater,HP Tank w/ Gas Capping,2023$,UEF,Unitless,102.325583,248.326452,888.754967,3.0,4.07,Nominal volume,gallons,28.81362,19.331395,8.390563,40.0,80.0,155.295732,436.450878,-651.897419,1.0,1018.1920401854715,14.8
120,water_heater_hp_tank_w_gas_capping_and_240v_wiring,waterHeating,Water Heater,HP Tank w/ Gas Capping and 240V Wiring,2023$,UEF,Unitless,102.325583,248.326452,888.754967,3.0,4.07,Nominal volume,gallons,28.81362,19.331395,8.390563,40.0,80.0,455.295732,736.450878,-351.897419,1.0,1018.1920401854715,14.8
121,water_heater_gas_inst,waterHeating,Water Heater,Gas Inst,2023$,UEF,Unitless,4192.333369,3885.583326,4904.999999,0.81,0.99,,,0.0,0.0,0.0,0.0,0.0,-2720.853368,-2098.322494,-2467.37,1.0,847.0100038353082,20.0
122,water_heater_gas_storage,waterHeating,Water Heater,Gas Storage,2023$,UEF,Unitless,5190.140327,8799.424875,13355.313398,0.58,0.75,Nominal volume,gallons,13.093509,13.652049,32.710627,38.0,98.0,-3147.365244,-5066.564344,-8122.796216,1.0,800.929240280585,14.0
